Train Loss,Validation Loss
1.2725722375400563,0.7777104030318439,0.6079927360947757,0.5280899233359067,0.49031611320806695,0.4397652845650433,0.403499824478027,0.35490784973384226,0.3154922722973288,0.2962479871065221,0.26907374028534814,0.2588868574662642,0.23923522588562837,0.23762187019070202,0.22198029073642536,0.20801100967561498,0.1875246611030344,0.1822328021660208,0.1807104562095461,0.17839159563502527,0.1622932310948238,0.16848001710791638,0.1581785925489696,0.1462790509536464,0.14184034362754083,0.15211416928366545,0.12116164264871794,0.12734653200097582,0.11259743470678674,0.10974563669194193,0.12374280035535601,0.10785220877172794,0.1002281098402439,0.10098100274821176,0.09375044771216133,0.09612682126064033,0.09318356673148545,0.0914302710294325,0.08818017402763434,0.08507226043465463,0.08596799248719916,0.08312939983458921,0.08212613581834152,0.07050259643916619,0.067191237115605,0.07050968401935848,0.06451615077607772,0.07747709584038924,0.05983557300592329,0.060718489521964986
1.0062354471948411,0.5171789502104124,0.4567412449805825,0.379914676701581,0.3672521528270509,0.3202562161065914,0.3565438406334983,0.3699140617692912,0.3115859878835855,0.23990506547744628,0.22591656632721424,0.20691344686956317,0.20097155698264638,0.19536823099824013,0.20765995041087823,0.203019629922454,0.17058247652042796,0.19804741614670665,0.18229430872533056,0.19852135973741059,0.15196381526550762,0.20305675742457863,0.1626318642369437,0.20317113361562844,0.18145190017228877,0.16837090630670665,0.17186389764322452,0.17960796005489235,0.20824977893520286,0.15452223040025542,0.1591306485891066,0.1719435449017005,0.151646183234536,0.17702174578206958,0.15524967809000778,0.17183006302824383,0.16772140500661745,0.15788018999780803,0.16028734213344892,0.19595969599430207,0.18976271966110086,0.18691229032938955,0.173022748514389,0.1577881083401196,0.20574669485385702,0.20856876352115283,0.1781145283689343,0.20062518673431542,0.16949193974357546,0.17304441882071034
